-- shopsテーブル
INSERT IGNORE INTO shops (id, name, image_name, description, opening_time, closing_time, price, postal_code, address, phone_number, regular_off) VALUES (1, '京町恋しぐれ 新宿 本館', 'Shop01.jpg', '木の温もりを感じられる伝統的な雰囲気の店。海鮮や鍋料理を味わえる。座敷や個室あり。', '17:00', '23:00', 4000, '160-0022', '東京都新宿区新宿３丁目２７−１０', '03-5360-7644', 'なし');
INSERT IGNORE INTO shops (id, name, image_name, description, opening_time, closing_time, price, postal_code, address, phone_number, regular_off) VALUES (2, 'フライボーイ', 'Shop02.jpg', '木を基調とした、カウンター席のあるコンパクトな店。独創的なハンバーガーとフライドポテト、コーヒー、シェイク、デザートを提供する。', '11:30', '20:00', 1000, '553-0002', '大阪府大阪市福島区鷺洲１丁目３−６', '06-7709-1800', '水曜日');
INSERT IGNORE INTO shops (id, name, image_name, description, opening_time, closing_time, price, postal_code, address, phone_number, regular_off) VALUES (3, '江戸前割烹 三是寿司', 'Shop03.jpg', 'カウンター席とテーブル席を配した昔ながらのシンプルな店内で寿司を味わえる。', '11:30', '22:30', 1000, '151-0053', '東京都渋谷区代々木２丁目１４−１', '03-3375-5008', 'なし');
INSERT IGNORE INTO shops (id, name, image_name, description, opening_time, closing_time, price, postal_code, address, phone_number, regular_off) VALUES (4, 'おぼんdeごはん 新宿ミロード店', 'Shop04.jpg', '木材を基調にした明るい雰囲気の店内で、さまざまな和食のメイン料理や丼を定食にして提供。和風パフェなどのデザートメニューもある。', '11:00', '22:00', 1000, '160-8001', '東京都新宿区西新宿１丁目１−３', '03-3349-5883', 'なし');
INSERT IGNORE INTO shops (id, name, image_name, description, opening_time, closing_time, price, postal_code, address, phone_number, regular_off) VALUES (5, 'カリーハウスコロンボ', 'Shop05.jpg', 'カウンター席のみのこじんまりとした店内で、ライスの量が選べる日替わりカレーを提供。カレールーの継ぎ足しサービスあり。', '11:00', '20:30', 1000, '060-0004', '北海道札幌市中央区北４条西４丁目１', '011-221-2028', 'なし');
INSERT IGNORE INTO shops (id, name, image_name, description, opening_time, closing_time, price, postal_code, address, phone_number, regular_off) VALUES (6, 'Tsubamesanjo Bit Niigata', 'Shop06.jpg', '燕三条を中心とした新潟県産の食材を使用した料理は、素材の旨みを引き出した逸品。カウンター席の他、夏期に使えるテラス席もある。', '11:30', '22:30', 2000, '951-8051', '新潟県新潟市中央区新島町通１-９-７', '025-201-7933', '火曜日');
INSERT IGNORE INTO shops (id, name, image_name, description, opening_time, closing_time, price, postal_code, address, phone_number, regular_off) VALUES (7, '中華料理 四季', 'Shop07.jpg', '木を基調としたシンプルな店内で、麻婆豆腐など、おなじみの四川料理などを味わえる中華料理店。', '11:30', '21:30', 1000, '730-0011', '広島県広島市中区基町 １９−２−４３１', '082-225-8857', '月曜日');
INSERT IGNORE INTO shops (id, name, image_name, description, opening_time, closing_time, price, postal_code, address, phone_number, regular_off) VALUES (8, 'シェ・フルール横濱', 'Shop08.jpg', 'フレンチ風の季節料理とワインを提供する高級レストラン。', '11:30', '20:00', 5000, '220-0004', '神奈川県横浜市西区北幸２丁目１２−２６', '045-342-6292', '水曜日');
INSERT IGNORE INTO shops (id, name, image_name, description, opening_time, closing_time, price, postal_code, address, phone_number, regular_off) VALUES (9, 'サムギョプサル専門店ベジテジ', 'Shop09.jpg', '卓上グリルで焼いた肉を野菜とつけだれで楽しめる、インダストリアル調の内装の韓国料理店。', '17:00', '23:00', 3000, '600-8001', '京都府京都市下京区四条通小橋西９', '075-252-3029', 'なし');
INSERT IGNORE INTO shops (id, name, image_name, description, opening_time, closing_time, price, postal_code, address, phone_number, regular_off) VALUES (10, 'タイ料理 カオサン', 'Shop10.jpg', 'レモン色の壁に囲まれたカジュアルな雰囲気の店内で、トムヤム鍋やタイ式焼きそばなど、本場さながらのタイ料理がいただけるレストラン。', '15:00', '23:00', 2000, '810-0022', '福岡県福岡市中央区薬院２丁目１６−１１', '050-5485-7820', '火曜日');
INSERT IGNORE INTO shops (id, name, image_name, description, opening_time, closing_time, price, postal_code, address, phone_number, regular_off) VALUES (11, '"Spanish Bar" BANDA', 'Shop11.jpg', 'バル風でシンプルモダンのカジュアルな店内で、パエリヤやスパニッシュオムレツを提供する。飲み放題付きのコースメニューもある。', '15:00', '0:00', 2000, '553-0003', '大阪府大阪市福島区福島７丁目８−６', '06-7651-2252', '日曜日');
INSERT IGNORE INTO shops (id, name, image_name, description, opening_time, closing_time, price, postal_code, address, phone_number, regular_off) VALUES (12, 'らーめん ふじもと', 'Shop12.jpg', '風味豊かな各種ラーメンと定番メニューがある、こぢんまりとした気取らない雰囲気の店。', '11:00', '15:00', 1000, '733-0801', '広島県広島市西区新庄町５−７', '082-537-0248', '月曜日');
INSERT IGNORE INTO shops (id, name, image_name, description, opening_time, closing_time, price, postal_code, address, phone_number, regular_off) VALUES (13, 'わんこそば 直利庵', 'Shop13.jpg', '居心地の良い昔ながらの店内で、そばを中心とした和食を提供する食事処。', '11:00', '20:00', 1000, '020-0871', '岩手県盛岡市中ノ橋通１丁目１２−１３', '019-624-0441', '水曜日');
INSERT IGNORE INTO shops (id, name, image_name, description, opening_time, closing_time, price, postal_code, address, phone_number, regular_off) VALUES (14, 'がもううどん', 'Shop14.jpg', '本格讃岐うどんの名店。屋外席を備えたうどん販売所スタイル。', '8:30', '13:00', 1000, '762-0023', '香川県坂出市加茂町４２０−１', '0877-48-0409', '日曜日');
INSERT IGNORE INTO shops (id, name, image_name, description, opening_time, closing_time, price, postal_code, address, phone_number, regular_off) VALUES (15, '活魚 漁ま', 'Shop15.jpg', '店内のいけすから獲ったばかりの魚を味わえる、カジュアルな海鮮料理店。', '11:00', '20:30', 1000, '781-0087', '高知県高知市南久保１−２', '088-856-5037', '月曜日');
INSERT IGNORE INTO shops (id, name, image_name, description, opening_time, closing_time, price, postal_code, address, phone_number, regular_off) VALUES (16, '梶屋', 'Shop16.jpg', 'エビ丼やカツ丼など、ボリューム満点の料理を提供する飾らない店。テイクアウトあり。', '11:00', '20:30', 1000, '709-0614', '岡山県岡山市東区竹原１３５６−１', '086-297-3600', 'なし');
INSERT IGNORE INTO shops (id, name, image_name, description, opening_time, closing_time, price, postal_code, address, phone_number, regular_off) VALUES (17, '珈琲 冨士男', 'Shop17.jpg', '1946 年創業の老舗の珈琲店。くつろいだ雰囲気漂う温かみのある内装の店内で、サンドイッチ、コーヒー、紅茶などを楽しめる。', '9:30', '17:00', 1000, '850-0831', '長崎県長崎市鍛冶屋町２−１２', '095-822-1625', '木曜日');
INSERT IGNORE INTO shops (id, name, image_name, description, opening_time, closing_time, price, postal_code, address, phone_number, regular_off) VALUES (18, 'もつ鍋 田しゅう 熊本下通店', 'Shop18.jpg', '簡素な店構えのもつ鍋専門店。各テーブルに卓上コンロがあり、自分で調理して食べるスタイル。', '17:00', '0:00', 2000, '860-0806', '熊本県熊本市中央区花畑町１３−１７', '050-5304-8550', 'なし');
INSERT IGNORE INTO shops (id, name, image_name, description, opening_time, closing_time, price, postal_code, address, phone_number, regular_off) VALUES (19, '吉祥菓寮 祇園本店', 'Shop19.jpg', 'レトロモダンで落ち着きのある店内で、自家焙煎きな粉を使用したわらび餅等の和スイーツと和食御膳を提供。1階にショップを併設している。', '11:00', '18:00', 1000, '605-0066', '京都府京都市東山区石橋町３０６', '075-708-5608', 'なし');
INSERT IGNORE INTO shops (id, name, image_name, description, opening_time, closing_time, price, postal_code, address, phone_number, regular_off) VALUES (20, '天麸羅 からり', 'Shop20.jpg', '座敷席を備える純和風の上品な店内で、旬の食材を使用した天ぷらをコースで提供している。ワインや焼酎も取り揃える。', '18:00', '22:00', 2000, '892-0844', '鹿児島県鹿児島市山之口町１０−２３', '099-222-1944', '日曜日');
INSERT IGNORE INTO shops (id, name, image_name, description, opening_time, closing_time, price, postal_code, address, phone_number, regular_off) VALUES (21, 'はやしのお好み焼', 'Shop21.jpg', '昔ながらの店内に活気あふれる鉄板カウンターとテーブル席を完備。お好み焼きの他、焼きそば、焼うどん、おにぎりを提供する。', '11:00', '20:00', 1000, '770-0846', '徳島県徳島市南内町１丁目３０−１', '088-623-7120', '日曜日');
INSERT IGNORE INTO shops (id, name, image_name, description, opening_time, closing_time, price, postal_code, address, phone_number, regular_off) VALUES (22, 'たこ庵', 'Shop22.jpg', 'さまざまな種類の一品料理と明石焼きを提供するこぢんまりとした店。カウンター席あり。', '12:00', '22:00', 2000, '651-0095', '兵庫県神戸市中央区旭通５丁目３−５', '078-242-2627', '木曜日');
INSERT IGNORE INTO shops (id, name, image_name, description, opening_time, closing_time, price, postal_code, address, phone_number, regular_off) VALUES (23, 'やきとり家 すみれ 松江店', 'Shop23.jpg', 'カウンター席を備える和モダンで庶民的な焼き鳥チェーン。名物のレバーを中心に各種の焼き鳥や創作串を提供する。鶏白湯ラーメンもある。', '17:00', '0:00', 3000, '690-0063', '島根県松江市寺町１９８', '050-1705-8052', 'なし');
INSERT IGNORE INTO shops (id, name, image_name, description, opening_time, closing_time, price, postal_code, address, phone_number, regular_off) VALUES (24, 'ステーキハウス８８ 辻本店', 'Shop24.jpg', 'ソファー席を備えるアメリカンレトロでカジュアルな店内で、石垣牛などのステーキやハンバーグを提供。沖縄料理やランチプレートもある。', '11:00', '2:00', 2000, '900-0037', '沖縄県那覇市辻２丁目８−２１', '098-862-3553', 'なし');
INSERT IGNORE INTO shops (id, name, image_name, description, opening_time, closing_time, price, postal_code, address, phone_number, regular_off) VALUES (25, 'CHIRIRI 草津店', 'Shop25.jpg', '和モダンで上品な店内に大小個室と宴会席を完備。オリジナルのつゆで食べる銘柄牛と豚のしゃぶしゃぶの他、肉会席やランチ御膳も提供する。', '17:30', '23:00', 4000, '525-0032', '滋賀県草津市大路１丁目７−１', '077-561-5505', 'なし');
INSERT IGNORE INTO shops (id, name, image_name, description, opening_time, closing_time, price, postal_code, address, phone_number, regular_off) VALUES (26, 'おたん', 'Shop26.jpg', '庶民的で活気ある店内で、おでんや地元の素材を使った和食を提供。調理場の見えるカウンター席あり。ランチメニュー用意。', '12:00', '0:00', 3000, '910-0006', '福井県福井市中央１丁目２−１', '0776-28-2502', '月曜日');
INSERT IGNORE INTO shops (id, name, image_name, description, opening_time, closing_time, price, postal_code, address, phone_number, regular_off) VALUES (27, 'Deli & Bread VIE DE FRANCE 青森店', 'Shop27.jpg', 'Deli & Bread VIE DE FRANCE 青森店', '8:00', '20:00', 1000, '038-0012', '青森県青森市柳川１丁目２-３', '017-777-6181', 'なし');
INSERT IGNORE INTO shops (id, name, image_name, description, opening_time, closing_time, price, postal_code, address, phone_number, regular_off) VALUES (28, '鹿児島黒豚しゃぶしゃぶ 梅屋', 'Shop28.jpg', '牛肉や豚肉のしゃぶしゃぶを楽しめる、落ち着いた雰囲気のくつろげるレストラン。', '17:30', '20:00', 1000, '892-0838', '鹿児島県鹿児島市新屋敷町２７−１', '099-227-7488', 'なし');
INSERT IGNORE INTO shops (id, name, image_name, description, opening_time, closing_time, price, postal_code, address, phone_number, regular_off) VALUES (29, '名物地鶏炭火焼 みやざき 晴夜(はれるや)', 'Shop01.jpg', '木を生かした和モダンな店内に大小の個室や古民家風の宴会座敷も完備。かつおの藁焼きや炭火地鶏などの宮崎郷土料理を提供。地ビールあり。', '17:00', '23:30', 3000, '880-0001', '宮崎県宮崎市橘通西３丁目１−１', '0985-64-9003', 'なし');
INSERT IGNORE INTO shops (id, name, image_name, description, opening_time, closing_time, price, postal_code, address, phone_number, regular_off) VALUES (30, 'ゆふいんバーガーハウス', 'Shop02.jpg', 'テラス席を備えた木造の小さなスタンドで、豊後牛の合挽パテを使ったバーガーや黒毛和牛カルビバーガーを販売。敷地内の小屋で飲食可能。', '11:00', '17:00', 1000, '879-5102', '大分県由布市湯布院町川上３０５０−３', '080-3183-2288', 'なし');
INSERT IGNORE INTO shops (id, name, image_name, description, opening_time, closing_time, price, postal_code, address, phone_number, regular_off) VALUES (31, 'すし道場 桑名本店', 'Shop03.jpg', '賑やかな飾らない店内で、職人が握った寿司を提供する回転寿司店。定番のサイドメニューもある。', '11:00', '22:00', 2000, '511-0836', '三重県桑名市江場５０６−１', '0594-25-3111', 'なし');
INSERT IGNORE INTO shops (id, name, image_name, description, opening_time, closing_time, price, postal_code, address, phone_number, regular_off) VALUES (32, '百蔵食堂 名鉄岐阜駅前店', 'Shop04.jpg', '定番の海鮮料理をはじめとする和食とビールなどのアルコール ドリンクを楽しめるシンプルな居酒屋。', '11:30', '23:00', 4000, '500-8175', '岐阜県岐阜市長住町１丁目15−２', '058-201-2777', '木曜日');
INSERT IGNORE INTO shops (id, name, image_name, description, opening_time, closing_time, price, postal_code, address, phone_number, regular_off) VALUES (33, 'ハンジロー 安曇野店', 'Shop05.jpg', '旬の食材を使ったスープカレーを味わえる店。光が差し込む明るい店内にテーブル席とカウンター席を用意。', '11:00', '19:00', 2000, '399-8303', '長野県安曇野市穂高４８５７−１', '0263-82-0688', '日曜日');
INSERT IGNORE INTO shops (id, name, image_name, description, opening_time, closing_time, price, postal_code, address, phone_number, regular_off) VALUES (34, 'ピザハット 山梨昭和店', 'Shop06.jpg', 'デリバリー、テイクアウト、店内飲食ができる、人気のピザチェーン。チキンウィング、パスタ、サイドメニューやデザートも揃える。', '11:00', '22:00', 1000, '409-3851', '山梨県中巨摩郡昭和町河西１６２９−６', '055-225-3385', 'なし');
INSERT IGNORE INTO shops (id, name, image_name, description, opening_time, closing_time, price, postal_code, address, phone_number, regular_off) VALUES (35, '王宮', 'Shop07.jpg', '高級感のあるモダンな広東料理店。伝統的な趣のある店内で点心などを味わえる。', '11:30', '23:00', 2000, '450-0002', '愛知県名古屋市中村区名駅３丁目２６−６', '052-571-9888', 'なし');
INSERT IGNORE INTO shops (id, name, image_name, description, opening_time, closing_time, price, postal_code, address, phone_number, regular_off) VALUES (36, 'エピキュリアン（Epicurien）', 'Shop08.jpg', '季節の食材を使った革新的な料理をおまかせコースで楽しめる、洗練されたシンプルな内装のレストラン。', '11:30', '22:00', 3000, '420-0839', '静岡県静岡市葵区鷹匠１丁目３−５', '054-204-6888', '月曜日');
INSERT IGNORE INTO shops (id, name, image_name, description, opening_time, closing_time, price, postal_code, address, phone_number, regular_off) VALUES (37, '美味辛厨房 まるから 千葉中央店', 'Shop09.jpg', '木のぬくもりが伝わる座敷席とカウンター席で、韓国式の焼肉や鍋を味わえる。', '12:00', '23:00', 2000, '260-0021', '千葉県千葉市中央区新宿２丁目１１−１', '043-242-2421', 'なし');
INSERT IGNORE INTO shops (id, name, image_name, description, opening_time, closing_time, price, postal_code, address, phone_number, regular_off) VALUES (38, 'クルンテープ', 'Shop10.jpg', 'タイの調度品が飾られたエキゾチックな店内で、春雨サラダや一品料理、トムヤムクン、タイカレー、アイスクリームを提供。ランチあり。', '11:30', '21:00', 1000, '321-0953', '栃木県宇都宮市東宿郷３丁目５−８', '028-637-2280', '月曜日');
INSERT IGNORE INTO shops (id, name, image_name, description, opening_time, closing_time, price, postal_code, address, phone_number, regular_off) VALUES (39, '大衆居酒屋バル ランタン', 'Shop11.jpg', 'お酒に合う一品料理を提供するバル風のカジュアル洋風居酒屋。ワインを中心にドリンクメニュー豊富。飲み放題付きコースも用意。', '17:30', '23:30', 2000, '920-0853', '石川県金沢市本町２丁目３−２８', '076-224-0036', '火曜日');
INSERT IGNORE INTO shops (id, name, image_name, description, opening_time, closing_time, price, postal_code, address, phone_number, regular_off) VALUES (40, 'らーめん本竈', 'Shop12.jpg', 'レトロな小屋風の外観が特徴的なテーブル席を備える庶民的なラーメン屋。名物の海老ワンタン入りのラーメンの他、担々麺や丼物も提供する。', '11:00', '21:30', 1000, '983-0828', '宮城県仙台市宮城野区岩切分台３丁目５−１２', '022-396-7131', 'なし');
INSERT IGNORE INTO shops (id, name, image_name, description, opening_time, closing_time, price, postal_code, address, phone_number, regular_off) VALUES (41, '角館そば', 'Shop13.jpg', '中庭が見える座敷を備える日本家屋風の大衆的な店内で、自家製紛を使用した各種の蕎麦を提供する。鮎天蕎麦は数量限定。', '11:00', '14:30', 1000, '014-0316', '秋田県仙北市角館町岩瀬町１７', '0187-53-2054', '火曜日');
INSERT IGNORE INTO shops (id, name, image_name, description, opening_time, closing_time, price, postal_code, address, phone_number, regular_off) VALUES (42, '手打ちつけ汁うどん 田舎や４号バイパス店', 'Shop14.jpg', 'コンビニエンス ストアのチェーン。軽食や飲み物をはじめ、日用雑貨などのさまざまな商品を用意。', '11:00', '21:00', 1000, '306-0127', '茨城県古河市下片田７４３−１', '0280-33-3721', 'なし');
INSERT IGNORE INTO shops (id, name, image_name, description, opening_time, closing_time, price, postal_code, address, phone_number, regular_off) VALUES (43, '越中膳所 海の神山の神 本店', 'Shop15.jpg', '広間を備える和テイストのカジュアルな店内で、刺身や寿司などの海鮮料理を提供している。蕎麦やうどん、柳川鍋もある。', '11:30', '23:00', 3000, '930-0083', '富山県富山市総曲輪２丁目１−番17号', '076-481-6397', 'なし');
INSERT IGNORE INTO shops (id, name, image_name, description, opening_time, closing_time, price, postal_code, address, phone_number, regular_off) VALUES (44, 'まんぷく食堂', 'Shop16.jpg', '立ち食い席も備えるカジュアルな店内で、チャーシューや鶏皮を使用した丼を提供している。カレーやラーメンもある。', '11:00', '15:00', 1000, '641-0036', '和歌山県和歌山市西浜８７２−１', '073-488-7711', 'なし');
INSERT IGNORE INTO shops (id, name, image_name, description, opening_time, closing_time, price, postal_code, address, phone_number, regular_off) VALUES (45, 'アンヌ・マリーカフェ', 'Shop17.jpg', '花柄の壁紙を施したクラシカルで英国風の店内で、ケーキやアフタヌーンティーセットを提供。オムライスなどのドリンク付きランチもある。', '9:00', '18:00', 1000, '630-8214', '奈良県奈良市東向北町１０', '0742-22-8907', '月曜日');
INSERT IGNORE INTO shops (id, name, image_name, description, opening_time, closing_time, price, postal_code, address, phone_number, regular_off) VALUES (46, 'いのこ家 山形田', 'Shop18.jpg', '座敷席を備える和モダンの上品な店内で、米沢牛のステーキ、だし豆腐、芋煮を提供。山形の地酒も取り揃える。飲み放題プランもある。', '17:00', '23:00', 4000, '990-0042', '山形県山形市七日町２丁目４−１８', '050-5493-0247', 'なし');
INSERT IGNORE INTO shops (id, name, image_name, description, opening_time, closing_time, price, postal_code, address, phone_number, regular_off) VALUES (47, 'モミノキ洋菓子店', 'Shop19.jpg', '素朴な雰囲気の洋菓子店。ヨーロッパ風の多彩なケーキ、ペストリー、デザートを販売する。コーヒーや紅茶と一緒に味わえるカフェコーナーあり。', '12:00', '18:00', 1000, '370-0018', '群馬県高崎市新保町２９', '027-363-7830', '水曜日、木曜日');
INSERT IGNORE INTO shops (id, name, image_name, description, opening_time, closing_time, price, postal_code, address, phone_number, regular_off) VALUES (48, '天ぷら処 天', 'Shop20.jpg', 'オープン キッチンで魚介類や野菜を使った揚げたての天ぷらを楽しめるモダンなレストラン。', '11:00', '22:00', 1000, '751-0853', '山口県下関市川中豊町３丁目３−５', '083-252-2222', '火曜日、水曜日');
INSERT IGNORE INTO shops (id, name, image_name, description, opening_time, closing_time, price, postal_code, address, phone_number, regular_off) VALUES (49, 'お好み焼 道とん堀 郡山新さくら通り店', 'Shop21.jpg', '赤と黒を基調とした店内で、広島風のお好み焼きを提供。カキや明太子、チーズ、エビなど、多種類のトッピングあり。食券制', '11:30', '23:00', 1000, '963-8034', '福島県郡山市島２丁目３８−２１', '024-973-7867', 'なし');
INSERT IGNORE INTO shops (id, name, image_name, description, opening_time, closing_time, price, postal_code, address, phone_number, regular_off) VALUES (50, '帝王 大財店', 'Shop22.jpg', '飾らないたこ焼き専門店。ネギとマヨネーズのトッピングが有名。', '12:00', '22:00', 1000, '840-0811', '佐賀県佐賀市大財５丁目８−７１', '0952-37-3964', '月曜日、火曜日');
INSERT IGNORE INTO shops (id, name, image_name, description, opening_time, closing_time, price, postal_code, address, phone_number, regular_off) VALUES (51, '焼き鳥 てんぐ屋敷 桃太楼', 'Shop23.jpg', '炭火でいぶした焼き鳥が自慢のレトロな雰囲気の居酒屋。個室あり。', '17:30', '23:00', 4000, '790-0003', '愛媛県松山市三番町３丁目 ２−１２', '089-945-7846', 'なし');
INSERT IGNORE INTO shops (id, name, image_name, description, opening_time, closing_time, price, postal_code, address, phone_number, regular_off) VALUES (52, 'ステーキやるじゃん 本店', 'Shop24.jpg', '豊富なステーキ メニューを揃える、温かみのある、くつろげる雰囲気の店。シーフードも楽しめる。', '11:00', '21:00', 1000, '332-0015', '埼玉県川口市川口１丁目５−２', '048-222-8871', 'なし');
INSERT IGNORE INTO shops (id, name, image_name, description, opening_time, closing_time, price, postal_code, address, phone_number, regular_off) VALUES (53, 'しゃぶしゃぶ温野菜 長崎思案橋店', 'Shop25.jpg', '薄切り肉や野菜を卓上の鍋で調理し、つけだれで味わうしゃぶしゃぶ料理店。', '17:00', '23:00', 4000, '850-0831', '長崎県長崎市鍛冶屋町１−１３', '095-895-7960', 'なし');
INSERT IGNORE INTO shops (id, name, image_name, description, opening_time, closing_time, price, postal_code, address, phone_number, regular_off) VALUES (54, '那古野サルーン', 'Shop26.jpg', '掘りごたつのカウンター席を備えた和モダンで落ち着きのある店内で、名物のおでんと創作和食を提供。飲み放題付きコースもある。', '17:00', '23:00', 4000, '450-0002', '愛知県名古屋市中村区名駅３丁目８−３', '052-564-5770', '月曜日');
INSERT IGNORE INTO shops (id, name, image_name, description, opening_time, closing_time, price, postal_code, address, phone_number, regular_off) VALUES (55, 'パン焼き小屋kanon', 'Shop27.jpg', '食パン、デニッシュ、菓子パンなどをメインにさまざまなパンを提供。マドレーヌやスコーンなどの焼き菓子も販売している。', '9:00', '19:00', 1000, '338-0004', '埼玉県さいたま市中央区本町西１丁目３−３０', '048-783-4070', '日曜日');
INSERT IGNORE INTO shops (id, name, image_name, description, opening_time, closing_time, price, postal_code, address, phone_number, regular_off) VALUES (56, '三嶋亭 本店', 'Shop28.jpg', 'こだわりの牛肉を卓上で焼いて味わう名物すき焼き料理の店。風情のある京町屋造りの店構え。', '9:00', '22:00', 4000, '604-8035', '京都府京都市中京区桜之町４０５', '075-221-0003', '日曜日');
INSERT IGNORE INTO shops (id, name, image_name, description, opening_time, closing_time, price, postal_code, address, phone_number, regular_off) VALUES (57, '夜 神戸本店', 'Shop01.jpg', '干物が名物の古民家風の居酒屋。淡路の塩で一夜干しした魚や野菜の炭火焼の他、注文後に炊く銀しゃりを提供。日本酒を揃える。', '17:00', '0:00', 4000, '650-0004', '兵庫県神戸市中央区中山手通１丁目９−１２', '078-325-1818', '日曜日');
-- categoriesテーブル
INSERT IGNORE INTO categories (id, name) VALUES (1, '居酒屋');
INSERT IGNORE INTO categories (id, name) VALUES (2, 'ハンバーガー');
INSERT IGNORE INTO categories (id, name) VALUES (3, '寿司');
INSERT IGNORE INTO categories (id, name) VALUES (4, '和食');
INSERT IGNORE INTO categories (id, name) VALUES (5, 'カレー');
INSERT IGNORE INTO categories (id, name) VALUES (6, 'イタリア料理');
INSERT IGNORE INTO categories (id, name) VALUES (7, '中華料理');
INSERT IGNORE INTO categories (id, name) VALUES (8, 'フランス料理');
INSERT IGNORE INTO categories (id, name) VALUES (9, '韓国料理');
INSERT IGNORE INTO categories (id, name) VALUES (10, 'タイ料理');
INSERT IGNORE INTO categories (id, name) VALUES (11, 'スペイン料理');
INSERT IGNORE INTO categories (id, name) VALUES (12, 'ラーメン');
INSERT IGNORE INTO categories (id, name) VALUES (13, 'そば');
INSERT IGNORE INTO categories (id, name) VALUES (14, 'うどん');
INSERT IGNORE INTO categories (id, name) VALUES (15, '海鮮料理');
INSERT IGNORE INTO categories (id, name) VALUES (16, '丼物');
INSERT IGNORE INTO categories (id, name) VALUES (17, '喫茶店');
INSERT IGNORE INTO categories (id, name) VALUES (18, '鍋料理');
INSERT IGNORE INTO categories (id, name) VALUES (19, 'スイーツ');
INSERT IGNORE INTO categories (id, name) VALUES (20, '天ぷら');
INSERT IGNORE INTO categories (id, name) VALUES (21, 'お好み焼き');
INSERT IGNORE INTO categories (id, name) VALUES (22, 'たこ焼き');
INSERT IGNORE INTO categories (id, name) VALUES (23, '焼き鳥');
INSERT IGNORE INTO categories (id, name) VALUES (24, 'ステーキ');
INSERT IGNORE INTO categories (id, name) VALUES (25, 'しゃぶしゃぶ');
INSERT IGNORE INTO categories (id, name) VALUES (26, 'おでん');
INSERT IGNORE INTO categories (id, name) VALUES (27, 'パン');
INSERT IGNORE INTO categories (id, name) VALUES (28, 'すき焼き');
-- categories_shops_relationテーブル
INSERT IGNORE INTO categories_shops_relation (id, shop_id, category_id) VALUES (1, 1, 1);
INSERT IGNORE INTO categories_shops_relation (id, shop_id, category_id) VALUES (2, 2, 2);
INSERT IGNORE INTO categories_shops_relation (id, shop_id, category_id) VALUES (3, 3, 3);
INSERT IGNORE INTO categories_shops_relation (id, shop_id, category_id) VALUES (4, 4, 4);
INSERT IGNORE INTO categories_shops_relation (id, shop_id, category_id) VALUES (5, 5, 5);
INSERT IGNORE INTO categories_shops_relation (id, shop_id, category_id) VALUES (6, 6, 6);
INSERT IGNORE INTO categories_shops_relation (id, shop_id, category_id) VALUES (7, 7, 7);
INSERT IGNORE INTO categories_shops_relation (id, shop_id, category_id) VALUES (8, 8, 8);
INSERT IGNORE INTO categories_shops_relation (id, shop_id, category_id) VALUES (9, 9, 9);
INSERT IGNORE INTO categories_shops_relation (id, shop_id, category_id) VALUES (10, 10, 10);
INSERT IGNORE INTO categories_shops_relation (id, shop_id, category_id) VALUES (11, 11, 11);
INSERT IGNORE INTO categories_shops_relation (id, shop_id, category_id) VALUES (12, 12, 12);
INSERT IGNORE INTO categories_shops_relation (id, shop_id, category_id) VALUES (13, 13, 13);
INSERT IGNORE INTO categories_shops_relation (id, shop_id, category_id) VALUES (14, 14, 14);
INSERT IGNORE INTO categories_shops_relation (id, shop_id, category_id) VALUES (15, 15, 15);
INSERT IGNORE INTO categories_shops_relation (id, shop_id, category_id) VALUES (16, 16, 16);
INSERT IGNORE INTO categories_shops_relation (id, shop_id, category_id) VALUES (17, 17, 17);
INSERT IGNORE INTO categories_shops_relation (id, shop_id, category_id) VALUES (18, 18, 18);
INSERT IGNORE INTO categories_shops_relation (id, shop_id, category_id) VALUES (19, 19, 19);
INSERT IGNORE INTO categories_shops_relation (id, shop_id, category_id) VALUES (20, 20, 20);
INSERT IGNORE INTO categories_shops_relation (id, shop_id, category_id) VALUES (21, 21, 21);
INSERT IGNORE INTO categories_shops_relation (id, shop_id, category_id) VALUES (22, 22, 22);
INSERT IGNORE INTO categories_shops_relation (id, shop_id, category_id) VALUES (23, 23, 23);
INSERT IGNORE INTO categories_shops_relation (id, shop_id, category_id) VALUES (24, 24, 24);
INSERT IGNORE INTO categories_shops_relation (id, shop_id, category_id) VALUES (25, 25, 25);
INSERT IGNORE INTO categories_shops_relation (id, shop_id, category_id) VALUES (26, 26, 26);
INSERT IGNORE INTO categories_shops_relation (id, shop_id, category_id) VALUES (27, 27, 27);
INSERT IGNORE INTO categories_shops_relation (id, shop_id, category_id) VALUES (28, 28, 28);
-- rolesテーブル
INSERT IGNORE INTO roles (id, name) VALUES (1, 'ROLE_FREE_MEMBER');
INSERT IGNORE INTO roles (id, name) VALUES (2, 'ROLE_PAID_MEMBER');
INSERT IGNORE INTO roles (id, name) VALUES (3, 'ROLE_ADMIN');
-- usersテーブル
INSERT IGNORE INTO users (id, name, furigana, postal_code, address, phone_number, email, password, role_id, enabled) VALUES (1, '侍 太郎', 'サムライ タロウ', '101-0022', '東京都千代田区神田練塀町300番地', '090-1234-5678', 'taro.samurai@example.com', '$2a$10$2JNjTwZBwo7fprL2X4sv.OEKqxnVtsVQvuXDkI8xVGix.U3W5B7CO', 2, true);
INSERT IGNORE INTO users (id, name, furigana, postal_code, address, phone_number, email, password, role_id, enabled) VALUES (2, '侍 花子', 'サムライ ハナコ', '101-0022', '東京都千代田区神田練塀町300番地', '090-1234-5678', 'hanako.samurai@example.com', '$2a$10$2JNjTwZBwo7fprL2X4sv.OEKqxnVtsVQvuXDkI8xVGix.U3W5B7CO', 3, true);
INSERT IGNORE INTO users (id, name, furigana, postal_code, address, phone_number, email, password, role_id, enabled) VALUES (3, '侍 義勝', 'サムライ ヨシカツ', '638-0644', '奈良県五條市西吉野町湯川X-XX-XX', '090-1234-5678', 'yoshikatsu.samurai@example.com', 'password', 1, false);
INSERT IGNORE INTO users (id, name, furigana, postal_code, address, phone_number, email, password, role_id, enabled) VALUES (4, '侍 幸美', 'サムライ サチミ', '342-0006', '埼玉県吉川市南広島X-XX-XX', '090-1234-5678', 'sachimi.samurai@example.com', 'password', 1, false);
INSERT IGNORE INTO users (id, name, furigana, postal_code, address, phone_number, email, password, role_id, enabled) VALUES (5, '侍 雅', 'サムライ ミヤビ', '527-0209', '滋賀県東近江市佐目町X-XX-XX', '090-1234-5678', 'miyabi.samurai@example.com', 'password', 1, false);
INSERT IGNORE INTO users (id, name, furigana, postal_code, address, phone_number, email, password, role_id, enabled) VALUES (6, '侍 正保', 'サムライ マサヤス', '989-1203', '宮城県柴田郡大河原町旭町X-XX-XX', '090-1234-5678', 'masayasu.samurai@example.com', 'password', 1, false);
INSERT IGNORE INTO users (id, name, furigana, postal_code, address, phone_number, email, password, role_id, enabled) VALUES (7, '侍 真由美', 'サムライ マユミ', '951-8015', '新潟県新潟市松岡町X-XX-XX', '090-1234-5678', 'mayumi.samurai@example.com', 'password', 1, false);
INSERT IGNORE INTO users (id, name, furigana, postal_code, address, phone_number, email, password, role_id, enabled) VALUES (8, '侍 安民', 'サムライ ヤスタミ', '241-0033', '神奈川県横浜市旭区今川町X-XX-XX', '090-1234-5678', 'yasutami.samurai@example.com', 'password', 1, false);
INSERT IGNORE INTO users (id, name, furigana, postal_code, address, phone_number, email, password, role_id, enabled) VALUES (9, '侍 章緒', 'サムライ アキオ', '739-2103', '広島県東広島市高屋町宮領X-XX-XX', '090-1234-5678', 'akio.samurai@example.com', 'password', 1, false);
INSERT IGNORE INTO users (id, name, furigana, postal_code, address, phone_number, email, password, role_id, enabled) VALUES (10, '侍 祐子', 'サムライ ユウコ', '601-0761', '京都府南丹市美山町高野X-XX-XX', '090-1234-5678', 'yuko.samurai@example.com', 'password', 1, false);
INSERT IGNORE INTO users (id, name, furigana, postal_code, address, phone_number, email, password, role_id, enabled) VALUES (11, '侍 秋美', 'サムライ アキミ', '606-8235', '京都府京都市左京区田中西春菜町X-XX-XX', '090-1234-5678', 'akimi.samurai@example.com', 'password', 1, false);
INSERT IGNORE INTO users (id, name, furigana, postal_code, address, phone_number, email, password, role_id, enabled) VALUES (12, '侍 信平', 'サムライ シンペイ', '673-1324', '兵庫県加東市新定X-XX-XX', '090-1234-5678', 'shinpei.samurai@example.com', 'password', 1, false);
-- reservationsテーブル
INSERT IGNORE INTO reservations (id, shop_id, user_id, reservation_date, reservation_time, number_of_people) VALUES (1, 1, 1, '2023-04-01', '17:00', 2);
INSERT IGNORE INTO reservations (id, shop_id, user_id, reservation_date, reservation_time, number_of_people) VALUES (2, 2, 1, '2023-04-01', '17:00', 3);
INSERT IGNORE INTO reservations (id, shop_id, user_id, reservation_date, reservation_time, number_of_people) VALUES (3, 3, 1, '2023-04-01', '17:00', 4);
INSERT IGNORE INTO reservations (id, shop_id, user_id, reservation_date, reservation_time, number_of_people) VALUES (4, 4, 1, '2023-04-01', '17:00', 5);
INSERT IGNORE INTO reservations (id, shop_id, user_id, reservation_date, reservation_time, number_of_people) VALUES (5, 5, 1, '2023-04-01', '17:00', 6);
INSERT IGNORE INTO reservations (id, shop_id, user_id, reservation_date, reservation_time, number_of_people) VALUES (6, 6, 1, '2023-04-01', '17:00', 2);
INSERT IGNORE INTO reservations (id, shop_id, user_id, reservation_date, reservation_time, number_of_people) VALUES (7, 7, 1, '2023-04-01', '17:00', 3);
INSERT IGNORE INTO reservations (id, shop_id, user_id, reservation_date, reservation_time, number_of_people) VALUES (8, 8, 1, '2023-04-01', '17:00', 4);
INSERT IGNORE INTO reservations (id, shop_id, user_id, reservation_date, reservation_time, number_of_people) VALUES (9, 9, 1, '2023-04-01', '17:00',5);
INSERT IGNORE INTO reservations (id, shop_id, user_id, reservation_date, reservation_time, number_of_people) VALUES (10, 10, 1, '2023-04-01', '17:00', 6);
INSERT IGNORE INTO reservations (id, shop_id, user_id, reservation_date, reservation_time, number_of_people) VALUES (11, 11, 1, '2023-04-01', '17:00', 2);
-- reviewsテーブル
INSERT IGNORE INTO reviews (id, shop_id, user_id, score, content) VALUES (1, 1, 2, 4, '部屋が綺麗で、快適に過ごせました。');
INSERT IGNORE INTO reviews (id, shop_id, user_id, score, content) VALUES (2, 1, 3, 4, 'アクセスが良く、観光に最適でした。');
INSERT IGNORE INTO reviews (id, shop_id, user_id, score, content) VALUES (3, 1, 4, 5, 'スタッフが親切で、気持ちよく滞在できました。');
INSERT IGNORE INTO reviews (id, shop_id, user_id, score, content) VALUES (4, 1, 5, 4, '駅から近く、便利でした。');
INSERT IGNORE INTO reviews (id, shop_id, user_id, score, content) VALUES (5, 1, 6, 5, '周辺の飲食店が充実していて、楽しめました。');
INSERT IGNORE INTO reviews (id, shop_id, user_id, score, content) VALUES (6, 1, 7, 4, '宿泊費が手頃で、コストパフォーマンスがよかったです。');
INSERT IGNORE INTO reviews (id, shop_id, user_id, score, content) VALUES (7, 1, 8, 3, '静かな環境でゆっくり休めました。');
INSERT IGNORE INTO reviews (id, shop_id, user_id, score, content) VALUES (8, 1, 9, 4, '施設内の設備が充実していました。');
INSERT IGNORE INTO reviews (id, shop_id, user_id, score, content) VALUES (9, 1, 10, 5, 'Wi-Fiが快適で助かりました。');
INSERT IGNORE INTO reviews (id, shop_id, user_id, score, content) VALUES (10, 1, 11, 4, '清潔感があり、気持ちよく滞在できました。');
INSERT IGNORE INTO reviews (id, shop_id, user_id, score, content) VALUES (11, 1, 12, 4, '清潔感があり快適でした。');
-- favoritesテーブル
INSERT IGNORE INTO favorites (id, shop_id, user_id) VALUES (1, 1, 1);
INSERT IGNORE INTO favorites (id, shop_id, user_id) VALUES (2, 2, 1);
INSERT IGNORE INTO favorites (id, shop_id, user_id) VALUES (3, 3, 1);
INSERT IGNORE INTO favorites (id, shop_id, user_id) VALUES (4, 4, 1);
INSERT IGNORE INTO favorites (id, shop_id, user_id) VALUES (5, 5, 1);
INSERT IGNORE INTO favorites (id, shop_id, user_id) VALUES (6, 6, 1);
INSERT IGNORE INTO favorites (id, shop_id, user_id) VALUES (7, 7, 1);
INSERT IGNORE INTO favorites (id, shop_id, user_id) VALUES (8, 8, 1);
INSERT IGNORE INTO favorites (id, shop_id, user_id) VALUES (9, 9, 1);
INSERT IGNORE INTO favorites (id, shop_id, user_id) VALUES (10, 10, 1);
-- companiesテーブル
INSERT IGNORE INTO companies (id, name, postal_code, address, representative, establishment_date, capital, business, number_of_employees) VALUES
(1, 'NAGOYAMESHI株式会社', '1010022', '東京都千代田区神田練塀町300番地 住友不動産秋葉原駅前ビル5F', '侍 花子', '2015年3月19日', '110,000千円', '飲食店等の情報提供サービス', '83名');

-- termsテーブル
INSERT IGNORE INTO terms (id, content) VALUES
(1, '<p>この利用規約（以下、「本規約」といいます。）は、NAGOYAMESHI株式会社（以下、「当社」といいます。）がこのウェブサイト上で提供するサービス（以下、「本サービス」といいます。）の利用条件を定めるものです。登録ユーザーの皆さま（以下、「ユーザー」といいます。）には、本規約に従って、本サービスをご利用いただきます。</p>

<h2>第1条（適用）</h2>
<ol><li>本規約は、ユーザーと当社との間の本サービスの利用に関わる一切の関係に適用されるものとします。</li>
<li>当社は本サービスに関し、本規約のほか、ご利用にあたってのルール等、各種の定め（以下、「個別規定」といいます。）をすることがあります。これら個別規定はその名称のいかんに関わらず、本規約の一部を構成するものとします。</li>
<li>本規約の規定が前条の個別規定の規定と矛盾する場合には、個別規定において特段の定めなき限り、個別規定の規定が優先されるものとします。</li></ol>

<h2>第2条（利用登録）</h2>
<ol><li>本サービスにおいては、登録希望者が本規約に同意の上、当社の定める方法によって利用登録を申請し、当社がこれを承認することによって、利用登録が完了するものとします。</li>
<li>当社は、利用登録の申請者に以下の事由があると判断した場合、利用登録の申請を承認しないことがあり、その理由については一切の開示義務を負わないものとします。</li>
<ol><li>利用登録の申請に際して虚偽の事項を届け出た場合</li>
<li>本規約に違反したことがある者からの申請である場合</li>
<li>その他、当社が利用登録を相当でないと判断した場合</li></ol></ol>

<h2>第3条（ユーザーIDおよびパスワードの管理）</h2>
<ol><li>ユーザーは、自己の責任において、本サービスのユーザーIDおよびパスワードを適切に管理するものとします。</li>
<li>ユーザーは、いかなる場合にも、ユーザーIDおよびパスワードを第三者に譲渡または貸与し、もしくは第三者と共用することはできません。当社は、ユーザーIDとパスワードの組み合わせが登録情報と一致してログインされた場合には、そのユーザーIDを登録しているユーザー自身による利用とみなします。</li>
<li>ユーザーID及びパスワードが第三者によって使用されたことによって生じた損害は、当社に故意又は重大な過失がある場合を除き、当社は一切の責任を負わないものとします。</li></ol>

<h2>第4条（利用料金および支払方法）</h2>
<ol><li>ユーザーは、本サービスの有料部分の対価として、当社が別途定め、本ウェブサイトに表示する利用料金を、当社が指定する方法により支払うものとします。</li>
<li>ユーザーが利用料金の支払を遅滞した場合には、ユーザーは年14．6％の割合による遅延損害金を支払うものとします。</li></ol>

<h2>第5条（禁止事項）</h2>
<p>ユーザーは、本サービスの利用にあたり、以下の行為をしてはなりません。</p>

<ol><li>法令または公序良俗に違反する行為</li>
<li>犯罪行為に関連する行為</li>
<li>本サービスの内容等、本サービスに含まれる著作権、商標権ほか知的財産権を侵害する行為</li>
<li>当社、ほかのユーザー、またはその他第三者のサーバーまたはネットワークの機能を破壊したり、妨害したりする行為</li>
<li>本サービスによって得られた情報を商業的に利用する行為</li>
<li>当社のサービスの運営を妨害するおそれのある行為</li>
<li>不正アクセスをし、またはこれを試みる行為</li>
<li>他のユーザーに関する個人情報等を収集または蓄積する行為</li>
<li>不正な目的を持って本サービスを利用する行為</li>
<li>本サービスの他のユーザーまたはその他の第三者に不利益、損害、不快感を与える行為</li>
<li>他のユーザーに成りすます行為</li>
<li>当社が許諾しない本サービス上での宣伝、広告、勧誘、または営業行為</li>
<li>面識のない異性との出会いを目的とした行為</li>
<li>当社のサービスに関連して、反社会的勢力に対して直接または間接に利益を供与する行為</li>
<li>その他、当社が不適切と判断する行為</li></ol>

<h2>第6条（本サービスの提供の停止等）</h2>
<ol><li>当社は、以下のいずれかの事由があると判断した場合、ユーザーに事前に通知することなく本サービスの全部または一部の提供を停止または中断することができるものとします。</li>
<ol><li>本サービスにかかるコンピュータシステムの保守点検または更新を行う場合</li>
<li>地震、落雷、火災、停電または天災などの不可抗力により、本サービスの提供が困難となった場合</li>
<li>コンピュータまたは通信回線等が事故により停止した場合</li>
<li>その他、当社が本サービスの提供が困難と判断した場合</li></ol>
<li>当社は、本サービスの提供の停止または中断により、ユーザーまたは第三者が被ったいかなる不利益または損害についても、一切の責任を負わないものとします。</li></ol>

<h2>第7条（利用制限および登録抹消）</h2>
<ol><li>当社は、ユーザーが以下のいずれかに該当する場合には、事前の通知なく、ユーザーに対して、本サービスの全部もしくは一部の利用を制限し、またはユーザーとしての登録を抹消することができるものとします。</li>
<ol><li>本規約のいずれかの条項に違反した場合</li>
<li>登録事項に虚偽の事実があることが判明した場合</li>
<li>料金等の支払債務の不履行があった場合</li>
<li>当社からの連絡に対し、一定期間返答がない場合</li>
<li>本サービスについて、最終の利用から一定期間利用がない場合</li>
<li>その他、当社が本サービスの利用を適当でないと判断した場合</li></ol>
<li>当社は、本条に基づき当社が行った行為によりユーザーに生じた損害について、一切の責任を負いません。</li></ol>

<h2>第8条（退会）</h2>
<p>ユーザーは、当社の定める退会手続により、本サービスから退会できるものとします。</p>

<h2>第9条（保証の否認および免責事項）</h2>
<ol><li>当社は、本サービスに事実上または法律上の瑕疵（安全性、信頼性、正確性、完全性、有効性、特定の目的への適合性、セキュリティなどに関する欠陥、エラーやバグ、権利侵害などを含みます。）がないことを明示的にも黙示的にも保証しておりません。</li>
<li>当社は、本サービスに起因してユーザーに生じたあらゆる損害について、当社の故意又は重過失による場合を除き、一切の責任を負いません。ただし、本サービスに関する当社とユーザーとの間の契約（本規約を含みます。）が消費者契約法に定める消費者契約となる場合、この免責規定は適用されません。</li>
<li>前項ただし書に定める場合であっても、当社は、当社の過失（重過失を除きます。）による債務不履行または不法行為によりユーザーに生じた損害のうち特別な事情から生じた損害（当社またはユーザーが損害発生につき予見し、または予見し得た場合を含みます。）について一切の責任を負いません。また、当社の過失（重過失を除きます。）による債務不履行または不法行為によりユーザーに生じた損害の賠償は、ユーザーから当該損害が発生した月に受領した利用料の額を上限とします。</li>
<li>当社は、本サービスに関して、ユーザーと他のユーザーまたは第三者との間において生じた取引、連絡または紛争等について一切責任を負いません。</li></ol>

<h2>第10条（サービス内容の変更等）</h2>
<p>当社は、ユーザーへの事前の告知をもって、本サービスの内容を変更、追加または廃止することがあり、ユーザーはこれを承諾するものとします。</p>

<h2>第11条（利用規約の変更）</h2>
<ol><li>当社は以下の場合には、ユーザーの個別の同意を要せず、本規約を変更することができるものとします。</li>
<ol><li>本規約の変更がユーザーの一般の利益に適合するとき。</li>
<li>本規約の変更が本サービス利用契約の目的に反せず、かつ、変更の必要性、変更後の内容の相当性その他の変更に係る事情に照らして合理的なものであるとき。</li></ol>
<li>当社はユーザーに対し、前項による本規約の変更にあたり、事前に、本規約を変更する旨及び変更後の本規約の内容並びにその効力発生時期を通知します。</li></ol>

<h2>第12条（個人情報の取扱い）</h2>
<p>当社は、本サービスの利用によって取得する個人情報については、当社「プライバシーポリシー」に従い適切に取り扱うものとします。</p>

<h2>第13条（通知または連絡）</h2>
<p>ユーザーと当社との間の通知または連絡は、当社の定める方法によって行うものとします。当社は、ユーザーから、当社が別途定める方式に従った変更届け出がない限り、現在登録されている連絡先が有効なものとみなして当該連絡先へ通知または連絡を行い、これらは、発信時にユーザーへ到達したものとみなします。</p>

<h2>第14条（権利義務の譲渡の禁止）</h2>
<p>ユーザーは、当社の書面による事前の承諾なく、利用契約上の地位または本規約に基づく権利もしくは義務を第三者に譲渡し、または担保に供することはできません。</p>

<h2>第15条（準拠法・裁判管轄）</h2>
<ol><li>本規約の解釈にあたっては、日本法を準拠法とします。</li>
<li>本サービスに関して紛争が生じた場合には、当社の本店所在地を管轄する裁判所を専属的合意管轄とします。</li></ol>');

